repository_url,latest_commit,last_updated
sophoslabs/IoCs,b1fce4d16c01eb1da6d02318c16890e146a2cdea,2025-04-01 13:51:07
ThreatLabz/iocs,f2a61cc70544e59c0aeb131b0a72b3b5c7b6bf72,2024-11-19 16:17:53
eSentire/iocs,99d832055e2309828aa7232ca2903dc126c598ba,2025-03-31 20:39:12
Cisco-Talos/IOCs,7e339d7429cf20001348682b65c686b3cd2ae335,2025-03-31 16:18:22
pan-unit42/iocs,9174597785320c1c404fd38a1b5385259e40b3b2,2025-03-21 16:45:08
akamai/akamai-security-research,a8ed272d06eb06d21308c11e1b91d0292123da34,2024-12-11 07:14:28
StrikeReady-Inc/research,31e8db80e51f54bd3e1ceeb276ea2d89fea97766,2024-11-29 17:12:54
HarfangLab/iocs,7b1ad1345d5760960aa1acdf82bb6f669732864e,2025-02-10 18:18:41
PaloAltoNetworks/Unit42-Threat-Intelligence-Article-Information,a5e0508c8d91d75e6e5239a59c9ee1bbc972f3a5,2025-03-28 20:49:16
blacklotuslabs/IOCs,894ed40f3c6fd12d22d7f2e951d03a19907cf833,2025-01-23 15:14:01
volexity/threat-intel,2df1665d51ea9560af4b36d2ae21926798b2e0f9,2025-02-13 20:40:37
eset/malware-ioc,0b6937b4bf68beb1632fa18e878b18485cca66e0,2025-03-26 14:14:33
hpthreatresearch/iocs,1e29108aaa233dd55f673574a4d75bc0e48a774b,2024-11-06 23:21:27
PaloAltoNetworks/Unit42-timely-threat-intel,f397a3abd4c700535670a4d487c11b46d3cbf43c,2025-04-04 20:32:27
infobloxopen/threat-intelligence,baf106774ae02051368add6f281123d73fc8a1ae,2025-03-27 19:11:51
netskopeoss/NetskopeThreatLabsIOCs,0a7447fa6e6eb5d7f516366267d28f1f8ba0b2de,2025-04-04 14:14:07
google/threat-team,a55f93314aad4265cad9cf85338db86163479612,2024-12-04 23:50:31
elastic/labs-releases,2b28f8bc4f7839973a7d05983bd2ecb8616138dd,2025-04-01 13:39:48
DoctorWebLtd/malware-iocs,05e9a37f330f9d6529c3986a333cdb6500ea13a0,2025-03-25 10:15:33
prodaft/malware-ioc,b02cb3d6ebb4e41c08222f2e74fb8f831c7bff1a,2025-03-26 15:18:16
WithSecureLabs/iocs,a5e50e76f7829cbab219bec94bf1887dea9bb304,2025-04-02 07:40:59
rapid7/Rapid7-Labs,a3282265c68727f3648390d4e8df54844ac51962,2025-03-21 10:49:08
huntresslabs/threat-intel,e9615233a0c0a85ec09e627fbd9bdf1f29ea1ec1,2024-12-12 21:49:56
